INSERT INTO `momp`.`dimension` (`id`, `name`, `description`, `model_id`, `show_order`, `sys_init`, `create_time`, `create_user`, `update_time`, `update_user`, `deleted`) VALUES ('1', '业务视角', '业务视角', '1', '0', '1', '2019-06-13 11:16:35', '', '2019-06-13 11:16:58', '', 0);

INSERT INTO `momp`.`dimension_model` (`id`, `dimension_id`, `model_id`, `show_order`, `sys_init`, `create_time`, `create_user`, `update_time`, `update_user`, `deleted`) VALUES ('1', '1', '1', '1', '1', '2019-06-13 11:16:58', '', '2019-06-13 11:16:58', NULL, 0);
INSERT INTO `momp`.`dimension_model` (`id`, `dimension_id`, `model_id`, `show_order`, `sys_init`, `create_time`, `create_user`, `update_time`, `update_user`, `deleted`) VALUES ('2', '1', '2', '2', '1', '2019-06-13 11:16:58', '', '2019-06-13 11:16:58', NULL, 0);
INSERT INTO `momp`.`dimension_model` (`id`, `dimension_id`, `model_id`, `show_order`, `sys_init`, `create_time`, `create_user`, `update_time`, `update_user`, `deleted`) VALUES ('3', '1', '3', '3', '1', '2019-06-13 11:16:58', '', '2019-06-13 11:16:58', NULL, 0);
INSERT INTO `momp`.`dimension_model` (`id`, `dimension_id`, `model_id`, `show_order`, `sys_init`, `create_time`, `create_user`, `update_time`, `update_user`, `deleted`) VALUES ('4', '1', '4', '4', '1', '2019-06-13 11:16:58', '', '2019-06-13 11:16:58', NULL, 0);
INSERT INTO `momp`.`dimension_model` (`id`, `dimension_id`, `model_id`, `show_order`, `sys_init`, `create_time`, `create_user`, `update_time`, `update_user`, `deleted`) VALUES ('5', '1', '5', '4', '1', '2019-06-13 11:16:58', '', '2019-06-13 11:16:58', NULL, 0);

INSERT INTO `momp`.`dimension_relation` (`id`, `dimension_id`, `model_relation_id`, `sys_init`, `create_time`, `create_user`, `update_time`, `update_user`, `deleted`) VALUES ('1', '1', '1', '1', '2019-06-13 11:16:58', '', '2019-06-13 11:16:58', '', 0);
INSERT INTO `momp`.`dimension_relation` (`id`, `dimension_id`, `model_relation_id`, `sys_init`, `create_time`, `create_user`, `update_time`, `update_user`, `deleted`) VALUES ('2', '1', '2', '1', '2019-06-13 11:16:58', '', '2019-06-13 11:16:58', '', 0);
INSERT INTO `momp`.`dimension_relation` (`id`, `dimension_id`, `model_relation_id`, `sys_init`, `create_time`, `create_user`, `update_time`, `update_user`, `deleted`) VALUES ('3', '1', '3', '1', '2019-06-13 11:16:58', '', '2019-06-13 11:16:58', '', 0);
INSERT INTO `momp`.`dimension_relation` (`id`, `dimension_id`, `model_relation_id`, `sys_init`, `create_time`, `create_user`, `update_time`, `update_user`, `deleted`) VALUES ('4', '1', '4', '1', '2019-06-13 11:16:58', '', '2019-06-13 11:16:58', '', 0);

INSERT INTO `momp`.`layer` (`id`, `code`, `name`, `description`, `show_order`, `icon_image`, `sys_init`, `create_time`, `create_user`, `update_time`, `update_user`, `deleted`) VALUES ('1', 'BUSINESS_APPLICATION', '业务应用层', '业务应用层', '1', '\\u005c\\u0075\\u0066\\u0030\\u0034\\u0032', '1', '2019-06-03 17:54:13', 'superadmin', '2019-06-30 08:43:17', 'superadmin', 0);
INSERT INTO `momp`.`layer` (`id`, `code`, `name`, `description`, `show_order`, `icon_image`, `sys_init`, `create_time`, `create_user`, `update_time`, `update_user`, `deleted`) VALUES ('2', 'SYSTEM_MIDDLEWARE', '系统及中间层', '系统及中间层', '2', 'tubiao', '1', '2019-06-12 09:54:13', 'superadmin', '2019-07-03 09:45:35', 'superadmin', 0);
INSERT INTO `momp`.`layer` (`id`, `code`, `name`, `description`, `show_order`, `icon_image`, `sys_init`, `create_time`, `create_user`, `update_time`, `update_user`, `deleted`) VALUES ('3', 'HOST_RESOURCE', '主机资源层', '主机资源层', '3', '\\uf0f2', '1', '2019-06-21 01:54:13', 'superadmin', '2019-06-30 22:59:18', 'superadmin', 0);
INSERT INTO `momp`.`layer` (`id`, `code`, `name`, `description`, `show_order`, `icon_image`, `sys_init`, `create_time`, `create_user`, `update_time`, `update_user`, `deleted`) VALUES ('4', 'CLOUD_PLATEFORM', '云平台层', '云平台层', '4', NULL, '1', '2019-06-21 14:54:13', 'superadmin', '2019-06-21 14:54:13', 'superadmin', 0);
INSERT INTO `momp`.`layer` (`id`, `code`, `name`, `description`, `show_order`, `icon_image`, `sys_init`, `create_time`, `create_user`, `update_time`, `update_user`, `deleted`) VALUES ('5', 'BASIC_DEVICE', '基础设施层', '基础设施层', '5', '\\uf0e8', '1', '2019-06-21 14:54:13', 'superadmin', '2019-06-21 14:54:13', 'superadmin', 0);
INSERT INTO `momp`.`layer` (`id`, `code`, `name`, `description`, `show_order`, `icon_image`, `sys_init`, `create_time`, `create_user`, `update_time`, `update_user`, `deleted`) VALUES ('6', 'ORG_USER', '组织管理层', '组织管理层', '6', NULL, '1', '2019-06-21 01:54:13', 'superadmin', '2019-06-21 01:54:13', 'superadmin', 0);

INSERT INTO `momp`.`model` (`id`, `code`, `name`, `description`, `icon_image`, `layer_id`, `show_order`, `sys_init`, `create_time`, `create_user`, `update_time`, `update_user`, `deleted`) VALUES ('1', 'business_product', '业务线/产品线', '业务线/产品线', 'dushu.png', '1', '22', '1', '2019-06-09 21:58:29', 'superadmin', '2019-06-28 03:50:38', 'superadmin', 0);
INSERT INTO `momp`.`model` (`id`, `code`, `name`, `description`, `icon_image`, `layer_id`, `show_order`, `sys_init`, `create_time`, `create_user`, `update_time`, `update_user`, `deleted`) VALUES ('2', 'application', '应用', '应用', 'aixin.png', '1', '332', '0', '2019-06-11 12:58:29', 'superadmin', '2019-06-28 03:56:03', 'superadmin', 0);
INSERT INTO `momp`.`model` (`id`, `code`, `name`, `description`, `icon_image`, `layer_id`, `show_order`, `sys_init`, `create_time`, `create_user`, `update_time`, `update_user`, `deleted`) VALUES ('3', 'cluster_group', '集群/资源组', '集群/资源组', 'dushu.png', '3', '2', '1', '2019-06-12 14:58:29', 'superadmin', '2019-06-12 14:58:29', 'superadmin', 0);
INSERT INTO `momp`.`model` (`id`, `code`, `name`, `description`, `icon_image`, `layer_id`, `show_order`, `sys_init`, `create_time`, `create_user`, `update_time`, `update_user`, `deleted`) VALUES ('4', 'p_host', '物理机', '物理机', 'shoucangyonghu.png', '3', '2', '1', '2019-06-12 14:58:29', 'superadmin', '2019-06-12 14:58:29', 'superadmin', 0);
INSERT INTO `momp`.`model` (`id`, `code`, `name`, `description`, `icon_image`, `layer_id`, `show_order`, `sys_init`, `create_time`, `create_user`, `update_time`, `update_user`, `deleted`) VALUES ('5', 'v_host', '云主机', '云主机', 'xunzhang.png', '3', '1', '1', '2019-06-12 14:58:29', 'superadmin', '2019-06-12 14:58:29', 'superadmin', 0);

INSERT INTO `momp`.`model_field` (`id`, `code`, `model_id`, `name`, `description`, `data_type`, `verify_regex`, `show_in_table`, `show_in_list`, `show_order`, `sys_init`, `create_time`, `create_user`, `update_time`, `update_user`, `deleted`, `required`) VALUES ('1', 'BUSINESS_PRODUCT_ID', '1', '业务线/产品线ID', '业务线/产品线ID', '{ID}', NULL, '1', '0', '1', '1', '2019-06-12 15:06:52', 'superadmin', '2019-06-12 15:06:52', 'superadmin', 0, 0);
INSERT INTO `momp`.`model_field` (`id`, `code`, `model_id`, `name`, `description`, `data_type`, `verify_regex`, `show_in_table`, `show_in_list`, `show_order`, `sys_init`, `create_time`, `create_user`, `update_time`, `update_user`, `deleted`, `required`) VALUES ('2', 'BUSINESS_PRODUCT_NAME', '1', '业务线/产品线名称', '业务线/产品线名称', 'varchar(64)', NULL, '1', '1', '2', '1', '2019-06-12 15:06:52', 'superadmin', '2019-06-12 15:06:52', 'superadmin', 0, 0);
INSERT INTO `momp`.`model_field` (`id`, `code`, `model_id`, `name`, `description`, `data_type`, `verify_regex`, `show_in_table`, `show_in_list`, `show_order`, `sys_init`, `create_time`, `create_user`, `update_time`, `update_user`, `deleted`, `required`) VALUES ('3', 'BUSINESS_PRODUCT_DATASOURCETYPE', '1', '数据来源', '数据来源', '{DATA_SOURCE_TYPE}', NULL, '0', '0', '3', '1', '2019-06-12 15:06:52', 'superadmin', '2019-06-12 15:06:52', 'superadmin', 0, 0);
INSERT INTO `momp`.`model_field` (`id`, `code`, `model_id`, `name`, `description`, `data_type`, `verify_regex`, `show_in_table`, `show_in_list`, `show_order`, `sys_init`, `create_time`, `create_user`, `update_time`, `update_user`, `deleted`, `required`) VALUES ('4', 'BUSINESS_PRODUCT_CREATE_TIME', '1', '创建时间', '创建时间', 'timestamp', NULL, '1', '0', '4', '1', '2019-06-12 15:06:52', 'superadmin', '2019-06-12 15:06:52', 'superadmin', 0, 0);
INSERT INTO `momp`.`model_field` (`id`, `code`, `model_id`, `name`, `description`, `data_type`, `verify_regex`, `show_in_table`, `show_in_list`, `show_order`, `sys_init`, `create_time`, `create_user`, `update_time`, `update_user`, `deleted`, `required`) VALUES ('5', 'BUSINESS_PRODUCT_TIMESTAMP', '1', '时间戳', '时间戳', 'timestamp', NULL, '0', '0', '5', '1', '2019-06-12 15:06:52', 'superadmin', '2019-06-12 15:06:52', 'superadmin', 0, 0);
INSERT INTO `momp`.`model_field` (`id`, `code`, `model_id`, `name`, `description`, `data_type`, `verify_regex`, `show_in_table`, `show_in_list`, `show_order`, `sys_init`, `create_time`, `create_user`, `update_time`, `update_user`, `deleted`, `required`) VALUES ('6', 'APPLICATION_ID', '2', '应用ID', '应用ID', '{ID}', NULL, '1', '0', '1', '1', '2019-06-12 15:06:52', 'superadmin', '2019-06-12 15:06:52', 'superadmin', 0, 0);
INSERT INTO `momp`.`model_field` (`id`, `code`, `model_id`, `name`, `description`, `data_type`, `verify_regex`, `show_in_table`, `show_in_list`, `show_order`, `sys_init`, `create_time`, `create_user`, `update_time`, `update_user`, `deleted`, `required`) VALUES ('7', 'APPLICATION_NAME', '2', '应用名称', '应用名称', 'varchar(64)', NULL, '1', '1', '2', '1', '2019-06-12 15:06:52', 'superadmin', '2019-06-12 15:06:52', 'superadmin', 0, 0);
INSERT INTO `momp`.`model_field` (`id`, `code`, `model_id`, `name`, `description`, `data_type`, `verify_regex`, `show_in_table`, `show_in_list`, `show_order`, `sys_init`, `create_time`, `create_user`, `update_time`, `update_user`, `deleted`, `required`) VALUES ('8', 'APPLICATION_LEVEL', '2', '应用级别', '应用级别', '{APP_LEVEL}', NULL, '1', '0', '3', '1', '2019-06-12 15:06:52', 'superadmin', '2019-06-12 15:06:52', 'superadmin', 0, 0);
INSERT INTO `momp`.`model_field` (`id`, `code`, `model_id`, `name`, `description`, `data_type`, `verify_regex`, `show_in_table`, `show_in_list`, `show_order`, `sys_init`, `create_time`, `create_user`, `update_time`, `update_user`, `deleted`, `required`) VALUES ('9', 'APPLICATION__DATASOURCETYPE', '2', '数据来源', '数据来源', '{DATA_SOURCE_TYPE}', NULL, '0', '0', '4', '1', '2019-06-12 15:06:52', 'superadmin', '2019-06-12 15:06:52', 'superadmin', 0, 0);
INSERT INTO `momp`.`model_field` (`id`, `code`, `model_id`, `name`, `description`, `data_type`, `verify_regex`, `show_in_table`, `show_in_list`, `show_order`, `sys_init`, `create_time`, `create_user`, `update_time`, `update_user`, `deleted`, `required`) VALUES ('10', 'APPLICATION_CREATE_TIME', '2', '创建时间', '创建时间', 'timestamp', NULL, '1', '0', '5', '1', '2019-06-12 15:06:52', 'superadmin', '2019-06-12 15:06:52', 'superadmin', 0, 0);
INSERT INTO `momp`.`model_field` (`id`, `code`, `model_id`, `name`, `description`, `data_type`, `verify_regex`, `show_in_table`, `show_in_list`, `show_order`, `sys_init`, `create_time`, `create_user`, `update_time`, `update_user`, `deleted`, `required`) VALUES ('11', 'APPLICATION_TIMESTAMP', '2', '时间戳', '时间戳', 'timestamp', NULL, '0', '0', '6', '1', '2019-06-12 15:06:52', 'superadmin', '2019-06-12 15:06:52', 'superadmin', 0, 0);
INSERT INTO `momp`.`model_field` (`id`, `code`, `model_id`, `name`, `description`, `data_type`, `verify_regex`, `show_in_table`, `show_in_list`, `show_order`, `sys_init`, `create_time`, `create_user`, `update_time`, `update_user`, `deleted`, `required`) VALUES ('12', 'CLUSTER_GROUP_ID', '3', '集群/资源组ID', '集群/资源组ID', '{ID}', NULL, '1', '0', '1', '1', '2019-06-12 15:06:52', 'superadmin', '2019-06-12 15:06:52', 'superadmin', 0, 0);
INSERT INTO `momp`.`model_field` (`id`, `code`, `model_id`, `name`, `description`, `data_type`, `verify_regex`, `show_in_table`, `show_in_list`, `show_order`, `sys_init`, `create_time`, `create_user`, `update_time`, `update_user`, `deleted`, `required`) VALUES ('13', 'CLUSTER_GROUP_NAME', '3', '集群/资源组名称', '集群/资源组名称', 'varchar(64)', NULL, '1', '1', '2', '1', '2019-06-12 15:06:52', 'superadmin', '2019-06-12 15:06:52', 'superadmin', 0, 0);
INSERT INTO `momp`.`model_field` (`id`, `code`, `model_id`, `name`, `description`, `data_type`, `verify_regex`, `show_in_table`, `show_in_list`, `show_order`, `sys_init`, `create_time`, `create_user`, `update_time`, `update_user`, `deleted`, `required`) VALUES ('14', 'CLUSTER_GROUP_IP', '3', '集群/资源组IP', '集群/资源组IP', 'varchar(64)', NULL, '1', '0', '3', '1', '2019-06-12 15:06:52', 'superadmin', '2019-06-12 15:06:52', 'superadmin', 0, 0);
INSERT INTO `momp`.`model_field` (`id`, `code`, `model_id`, `name`, `description`, `data_type`, `verify_regex`, `show_in_table`, `show_in_list`, `show_order`, `sys_init`, `create_time`, `create_user`, `update_time`, `update_user`, `deleted`, `required`) VALUES ('15', 'CLUSTER_GROUP_TYPE', '3', '集群/资源组类型', '集群/资源组类型', '{CLUSTER_GROUP_TYPE}', NULL, '1', '0', '4', '1', '2019-06-12 15:06:52', 'superadmin', '2019-06-12 15:06:52', 'superadmin', 0, 0);
INSERT INTO `momp`.`model_field` (`id`, `code`, `model_id`, `name`, `description`, `data_type`, `verify_regex`, `show_in_table`, `show_in_list`, `show_order`, `sys_init`, `create_time`, `create_user`, `update_time`, `update_user`, `deleted`, `required`) VALUES ('16', 'CLUSTER_GROUP__DATASOURCETYPE', '3', '数据来源', '数据来源', '{DATA_SOURCE_TYPE}', NULL, '0', '0', '5', '1', '2019-06-12 15:06:52', 'superadmin', '2019-06-12 15:06:52', 'superadmin', 0, 0);
INSERT INTO `momp`.`model_field` (`id`, `code`, `model_id`, `name`, `description`, `data_type`, `verify_regex`, `show_in_table`, `show_in_list`, `show_order`, `sys_init`, `create_time`, `create_user`, `update_time`, `update_user`, `deleted`, `required`) VALUES ('17', 'CLUSTER_GROUP_CREATE_TIME', '3', '创建时间', '创建时间', 'timestamp', NULL, '1', '0', '6', '1', '2019-06-12 15:06:52', 'superadmin', '2019-06-12 15:06:52', 'superadmin', 0, 0);
INSERT INTO `momp`.`model_field` (`id`, `code`, `model_id`, `name`, `description`, `data_type`, `verify_regex`, `show_in_table`, `show_in_list`, `show_order`, `sys_init`, `create_time`, `create_user`, `update_time`, `update_user`, `deleted`, `required`) VALUES ('18', 'CLUSTER_GROUP_TIMESTAMP', '3', '时间戳', '时间戳', 'timestamp', NULL, '0', '0', '7', '1', '2019-06-12 15:06:52', 'superadmin', '2019-06-12 15:06:52', 'superadmin', 0, 0);
INSERT INTO `momp`.`model_field` (`id`, `code`, `model_id`, `name`, `description`, `data_type`, `verify_regex`, `show_in_table`, `show_in_list`, `show_order`, `sys_init`, `create_time`, `create_user`, `update_time`, `update_user`, `deleted`, `required`) VALUES ('19', 'P_HOST_ID', '4', '物理机ID', '物理机ID', '{ID}', NULL, '1', '0', '1', '1', '2019-06-12 15:06:52', 'superadmin', '2019-06-12 15:06:52', 'superadmin', 0, 0);
INSERT INTO `momp`.`model_field` (`id`, `code`, `model_id`, `name`, `description`, `data_type`, `verify_regex`, `show_in_table`, `show_in_list`, `show_order`, `sys_init`, `create_time`, `create_user`, `update_time`, `update_user`, `deleted`, `required`) VALUES ('20', 'P_HOST_NAME', '4', '物理机名称', '物理机名称', 'varchar(64)', NULL, '1', '1', '2', '1', '2019-06-12 15:06:52', 'superadmin', '2019-06-12 15:06:52', 'superadmin', 0, 0);
INSERT INTO `momp`.`model_field` (`id`, `code`, `model_id`, `name`, `description`, `data_type`, `verify_regex`, `show_in_table`, `show_in_list`, `show_order`, `sys_init`, `create_time`, `create_user`, `update_time`, `update_user`, `deleted`, `required`) VALUES ('21', 'P_HOST_INNER_IP', '4', '物理机内网IP', '物理机内网IP', 'varchar(64)', NULL, '1', '0', '3', '1', '2019-06-12 15:06:52', 'superadmin', '2019-06-12 15:06:52', 'superadmin', 0, 0);
INSERT INTO `momp`.`model_field` (`id`, `code`, `model_id`, `name`, `description`, `data_type`, `verify_regex`, `show_in_table`, `show_in_list`, `show_order`, `sys_init`, `create_time`, `create_user`, `update_time`, `update_user`, `deleted`, `required`) VALUES ('22', 'P_HOST_OUTER_IP', '4', '物理机外网IP', '物理机外网IP', 'varchar(64)', NULL, '1', '0', '4', '1', '2019-06-12 15:06:52', 'superadmin', '2019-06-12 15:06:52', 'superadmin', 0, 0);
INSERT INTO `momp`.`model_field` (`id`, `code`, `model_id`, `name`, `description`, `data_type`, `verify_regex`, `show_in_table`, `show_in_list`, `show_order`, `sys_init`, `create_time`, `create_user`, `update_time`, `update_user`, `deleted`, `required`) VALUES ('23', 'P_HOST_TYPE_MODEL', '4', '物理机型号', '物理机型号', 'varchar(128)', NULL, '1', '0', '5', '1', '2019-06-12 15:06:52', 'superadmin', '2019-06-12 15:06:52', 'superadmin', 0, 0);
INSERT INTO `momp`.`model_field` (`id`, `code`, `model_id`, `name`, `description`, `data_type`, `verify_regex`, `show_in_table`, `show_in_list`, `show_order`, `sys_init`, `create_time`, `create_user`, `update_time`, `update_user`, `deleted`, `required`) VALUES ('24', 'P_HOST__DATASOURCETYPE', '4', '数据来源', '数据来源', '{DATA_SOURCE_TYPE}', NULL, '0', '0', '6', '1', '2019-06-12 15:06:52', 'superadmin', '2019-06-12 15:06:52', 'superadmin', 0, 0);
INSERT INTO `momp`.`model_field` (`id`, `code`, `model_id`, `name`, `description`, `data_type`, `verify_regex`, `show_in_table`, `show_in_list`, `show_order`, `sys_init`, `create_time`, `create_user`, `update_time`, `update_user`, `deleted`, `required`) VALUES ('25', 'P_HOST_CREATE_TIME', '4', '创建时间', '创建时间', 'timestamp', NULL, '1', '0', '7', '1', '2019-06-12 15:06:52', 'superadmin', '2019-06-12 15:06:52', 'superadmin', 0, 0);
INSERT INTO `momp`.`model_field` (`id`, `code`, `model_id`, `name`, `description`, `data_type`, `verify_regex`, `show_in_table`, `show_in_list`, `show_order`, `sys_init`, `create_time`, `create_user`, `update_time`, `update_user`, `deleted`, `required`) VALUES ('26', 'P_HOST_TIMESTAMP', '4', '时间戳', '时间戳', 'timestamp', NULL, '0', '0', '8', '1', '2019-06-12 15:06:52', 'superadmin', '2019-06-12 15:06:52', 'superadmin', 0, 0);
INSERT INTO `momp`.`model_field` (`id`, `code`, `model_id`, `name`, `description`, `data_type`, `verify_regex`, `show_in_table`, `show_in_list`, `show_order`, `sys_init`, `create_time`, `create_user`, `update_time`, `update_user`, `deleted`, `required`) VALUES ('27', 'V_HOST_ID', '5', '云主机ID', '云主机ID', '{ID}', NULL, '1', '0', '1', '1', '2019-06-12 15:06:52', 'superadmin', '2019-06-12 15:06:52', 'superadmin', 0, 0);
INSERT INTO `momp`.`model_field` (`id`, `code`, `model_id`, `name`, `description`, `data_type`, `verify_regex`, `show_in_table`, `show_in_list`, `show_order`, `sys_init`, `create_time`, `create_user`, `update_time`, `update_user`, `deleted`, `required`) VALUES ('28', 'V_HOST_NAME', '5', '云主机名称', '云主机名称', 'varchar(64)', NULL, '1', '1', '2', '1', '2019-06-12 15:06:52', 'superadmin', '2019-06-12 15:06:52', 'superadmin', 0, 0);
INSERT INTO `momp`.`model_field` (`id`, `code`, `model_id`, `name`, `description`, `data_type`, `verify_regex`, `show_in_table`, `show_in_list`, `show_order`, `sys_init`, `create_time`, `create_user`, `update_time`, `update_user`, `deleted`, `required`) VALUES ('29', 'V_HOST_INNER_IP', '5', '云主机内网IP', '云主机内网IP', 'varchar(64)', NULL, '1', '0', '3', '1', '2019-06-12 15:06:52', 'superadmin', '2019-06-12 15:06:52', 'superadmin', 0, 0);
INSERT INTO `momp`.`model_field` (`id`, `code`, `model_id`, `name`, `description`, `data_type`, `verify_regex`, `show_in_table`, `show_in_list`, `show_order`, `sys_init`, `create_time`, `create_user`, `update_time`, `update_user`, `deleted`, `required`) VALUES ('30', 'V_HOST_OUTER_IP', '5', '云主机外网IP', '云主机外网IP', 'varchar(64)', NULL, '1', '0', '4', '1', '2019-06-12 15:06:52', 'superadmin', '2019-06-12 15:06:52', 'superadmin', 0, 0);
INSERT INTO `momp`.`model_field` (`id`, `code`, `model_id`, `name`, `description`, `data_type`, `verify_regex`, `show_in_table`, `show_in_list`, `show_order`, `sys_init`, `create_time`, `create_user`, `update_time`, `update_user`, `deleted`, `required`) VALUES ('31', 'V_HOST_TYPE_MODEL', '5', '云主机型号', '云主机型号', 'varchar(128)', NULL, '1', '0', '5', '1', '2019-06-12 15:06:52', 'superadmin', '2019-06-12 15:06:52', 'superadmin', 0, 0);
INSERT INTO `momp`.`model_field` (`id`, `code`, `model_id`, `name`, `description`, `data_type`, `verify_regex`, `show_in_table`, `show_in_list`, `show_order`, `sys_init`, `create_time`, `create_user`, `update_time`, `update_user`, `deleted`, `required`) VALUES ('32', 'V_HOST_DATASOURCETYPE', '5', '数据来源', '数据来源', '{DATA_SOURCE_TYPE}', NULL, '0', '0', '6', '1', '2019-06-12 15:06:52', 'superadmin', '2019-06-12 15:06:52', 'superadmin', 0, 0);
INSERT INTO `momp`.`model_field` (`id`, `code`, `model_id`, `name`, `description`, `data_type`, `verify_regex`, `show_in_table`, `show_in_list`, `show_order`, `sys_init`, `create_time`, `create_user`, `update_time`, `update_user`, `deleted`, `required`) VALUES ('33', 'V_HOST_CREATE_TIME', '5', '创建时间', '创建时间', 'timestamp', NULL, '1', '0', '7', '1', '2019-06-12 15:06:52', 'superadmin', '2019-06-12 15:06:52', 'superadmin', 0, 0);
INSERT INTO `momp`.`model_field` (`id`, `code`, `model_id`, `name`, `description`, `data_type`, `verify_regex`, `show_in_table`, `show_in_list`, `show_order`, `sys_init`, `create_time`, `create_user`, `update_time`, `update_user`, `deleted`, `required`) VALUES ('34', 'V_HOST_TIMESTAMP', '5', '时间戳', '时间戳', 'timestamp', NULL, '0', '0', '8', '1', '2019-06-12 15:06:52', 'superadmin', '2019-06-12 15:06:52', 'superadmin', 0, 0);

INSERT INTO `momp`.`model_relation` (`id`, `relation_type_id`, `mapping`, `model_id`, `target_model_id`, `model_field_id`, `description`, `sys_init`, `create_time`, `create_user`, `update_time`, `update_user`, `deleted`) VALUES ('1', '3', 'ManyToMany', '2', '1', NULL, NULL, '1', '2019-06-12 16:58:32', 'superadmin', '2019-06-12 16:58:32', 'superadmin', 0);
INSERT INTO `momp`.`model_relation` (`id`, `relation_type_id`, `mapping`, `model_id`, `target_model_id`, `model_field_id`, `description`, `sys_init`, `create_time`, `create_user`, `update_time`, `update_user`, `deleted`) VALUES ('2', '3', 'ManyToMany', '3', '2', NULL, NULL, '1', '2019-06-12 16:58:32', 'superadmin', '2019-06-12 16:58:32', 'superadmin', 0);
INSERT INTO `momp`.`model_relation` (`id`, `relation_type_id`, `mapping`, `model_id`, `target_model_id`, `model_field_id`, `description`, `sys_init`, `create_time`, `create_user`, `update_time`, `update_user`, `deleted`) VALUES ('3', '3', 'ManyToMany', '4', '3', NULL, NULL, '1', '2019-06-12 16:58:32', 'superadmin', '2019-06-12 16:58:32', 'superadmin', 0);
INSERT INTO `momp`.`model_relation` (`id`, `relation_type_id`, `mapping`, `model_id`, `target_model_id`, `model_field_id`, `description`, `sys_init`, `create_time`, `create_user`, `update_time`, `update_user`, `deleted`) VALUES ('4', '3', 'ManyToMany', '5', '3', NULL, NULL, '1', '2019-06-12 16:58:32', 'superadmin', '2019-06-12 16:58:32', 'superadmin', 0);

INSERT INTO `momp`.`relation_type` (`id`, `code`, `name`, `text`, `reverse_text`, `sys_init`, `create_time`, `create_user`, `update_time`, `update_user`, `deleted`) VALUES ('1', 'DEFAULT', '默认关联', '关联', '关联', '1', '2019-06-12 16:58:32', 'superadmin', '2019-07-11 18:08:02', 'superadmin', 0);
INSERT INTO `momp`.`relation_type` (`id`, `code`, `name`, `text`, `reverse_text`, `sys_init`, `create_time`, `create_user`, `update_time`, `update_user`, `deleted`) VALUES ('2', 'RUN', '运行', '运行于', '运行了', '1', '2019-06-12 16:58:32', 'superadmin', '2019-06-12 16:58:32', 'superadmin', 0);
INSERT INTO `momp`.`relation_type` (`id`, `code`, `name`, `text`, `reverse_text`, `sys_init`, `create_time`, `create_user`, `update_time`, `update_user`, `deleted`) VALUES ('3', 'BELONG', '归属', '归属于', '包含了', '1', '2019-06-12 16:58:32', 'superadmin', '2019-06-12 16:58:32', 'superadmin', 0);
INSERT INTO `momp`.`relation_type` (`id`, `code`, `name`, `text`, `reverse_text`, `sys_init`, `create_time`, `create_user`, `update_time`, `update_user`, `deleted`) VALUES ('4', 'USE', '使用', '使用了', '被使用', '1', '2019-06-12 16:58:32', 'superadmin', '2019-06-12 16:58:32', 'superadmin', 0);
INSERT INTO `momp`.`relation_type` (`id`, `code`, `name`, `text`, `reverse_text`, `sys_init`, `create_time`, `create_user`, `update_time`, `update_user`, `deleted`) VALUES ('5', 'GROUP', '组成', '组成了', '组成于', '1', '2019-06-12 16:58:32', 'superadmin', '2019-06-12 16:58:32', 'superadmin', 0);
INSERT INTO `momp`.`relation_type` (`id`, `code`, `name`, `text`, `reverse_text`, `sys_init`, `create_time`, `create_user`, `update_time`, `update_user`, `deleted`) VALUES ('6', 'DEPEND', '依赖', '依赖于', '被依赖', '1', '2019-06-12 16:58:32', 'superadmin', '2019-06-12 16:58:32', 'superadmin', 0);

